epoch,crossing_order,height,epoch_position,utc,block_hash,hash_integer,hash_integer_hex,pre_g1,pre_g2,crosses_pre_g1,hash_over_pre_g2,depth_bits_below_g2,lower_record_after_first_crossing,state_effective_if_first_qualifier_preserved
3,1,6476,428,2009-03-06T04:00:04Z,000000000010b24a122163f2037132d767e6c5bd4c0642d9669fd94845e93289,6868518151248224874998890723736317850858477005754489745292472969,000000000010b24a122163f2037132d767e6c5bd4c0642d9669fd94845e93289,8165567774762564395586499251453268775359881340032553143329137868,22196314501187840792218844525263652093585624848119336967297003374,True,0.30944408139831747,1.6922493664753493,False,False
5,1,11686,1606,2009-04-20T23:36:12Z,00000000000243ab3dd422f82638c9651cfc401ac763b2228f00f6abae334f48,931492028057003874395386344318560180212915791631271829169196872,00000000000243ab3dd422f82638c9651cfc401ac763b2228f00f6abae334f48,6868518151248224874998890723736317850858477005754489745292472969,8165567774762564395586499251453268775359881340032553143329137868,True,0.11407559813978636,3.131937876509966,False,False
9,1,18703,559,2009-07-04T03:18:23Z,00000000000816633b61ddf4d411169935a03ffc02495a6448d2d029590c3df2,3326984640737501679386281359991296392201203020881805997928889842,00000000000816633b61ddf4d411169935a03ffc02495a6448d2d029590c3df2,2526786619157105117027877339621716722609817530999190765092884627,6868518151248224874998890723736317850858477005754489745292472969,False,0.48438172069660823,1.0457836723777116,False,False
9,2,19834,1690,2009-07-20T13:02:01Z,00000000000bcae6934ca8f914b1724141ba708c6882657f6cba330965681e38,4851186362744857818307913952754710534689680208449084247025131064,00000000000bcae6934ca8f914b1724141ba708c6882657f6cba330965681e38,2526786619157105117027877339621716722609817530999190765092884627,6868518151248224874998890723736317850858477005754489745292472969,False,0.7062930105037643,0.5016612752670565,False,False
11,1,23411,1235,2009-09-22T01:01:41Z,000000000003ce28ff7f9998c2f2a1fbd03fffcb4c13f65b6b82b40d4a272292,1565415003981129441392911171126354873809825239318232733315441298,000000000003ce28ff7f9998c2f2a1fbd03fffcb4c13f65b6b82b40d4a272292,2526786619157105117027877339621716722609817530999190765092884627,3326984640737501679386281359991296392201203020881805997928889842,True,0.4705206585005814,1.0876700281247262,False,False
18,1,37009,721,2010-01-29T10:11:41Z,0000000000028d68e2724dbe8735ba01cb0cec40ad3bd58493106ecfe0d691fc,1049988913933594941949966789969470860571950113298555193475371516,0000000000028d68e2724dbe8735ba01cb0cec40ad3bd58493106ecfe0d691fc,1565415003981129441392911171126354873809825239318232733315441298,2526786619157105117027877339621716722609817530999190765092884627,True,0.41554316695085797,1.2669297418119774,False,False
18,2,37270,982,2010-01-30T19:40:49Z,000000000003eff1587f404d431ae4c8c8d4b81f060c19801bcfca1a5c50c177,1619701562028994453883580571922058761551288387583138774371058039,000000000003eff1587f404d431ae4c8c8d4b81f060c19801bcfca1a5c50c177,1565415003981129441392911171126354873809825239318232733315441298,2526786619157105117027877339621716722609817530999190765092884627,False,0.6410124027684223,0.6415758234733182,False,False
18,3,37342,1054,2010-01-31T01:07:32Z,000000000005e1f0fabbae9932fedfeb52c191fc70234bb21aa27faa59691d44,2419954408984803295316696309360792481562847549199527857323842884,000000000005e1f0fabbae9932fedfeb52c191fc70234bb21aa27faa59691d44,1565415003981129441392911171126354873809825239318232733315441298,2526786619157105117027877339621716722609817530999190765092884627,False,0.9577201298430418,0.06232396948678484,False,False
18,4,37382,1094,2010-01-31T06:17:37Z,000000000003222c5128575d34825bb0bf353c58959ef6c0aef8d6aaac36327c,1289042493950213813188454915395441138024067196889272990846825084,000000000003222c5128575d34825bb0bf353c58959ef6c0aef8d6aaac36327c,1565415003981129441392911171126354873809825239318232733315441298,2526786619157105117027877339621716722609817530999190765092884627,True,0.5101509103211166,0.9710040137509741,False,False
21,1,43011,675,2010-02-28T09:40:51Z,000000000000c09b5844620bdec4d533107844efea128a6ec6326dd92f6dc7e6,309507219570222157654829293010359969924187765860613612513380326,000000000000c09b5844620bdec4d533107844efea128a6ec6326dd92f6dc7e6,1049988913933594941949966789969470860571950113298555193475371516,1565415003981129441392911171126354873809825239318232733315441298,True,0.19771576149652975,2.338500210534952,False,False
24,1,48615,231,2010-04-02T23:00:16Z,000000000001af5ec05c35ae5fb542732122839c00ad4ffe8043d747eaba7898,693185061296986558636368002895561435687429486885946906734393496,000000000001af5ec05c35ae5fb542732122839c00ad4ffe8043d747eaba7898,386269334894100555419319346037768029933462290621508939945613329,1049988913933594941949966789969470860571950113298555193475371516,False,0.6601832191733275,0.5990616269162881,False,False
24,2,50314,1930,2010-04-12T00:16:25Z,000000000000f81d2d8b0ce0911b25c380a30398f740d6806834167e27d1871f,398703787641718174594659538255963405145859925952655564840470303,000000000000f81d2d8b0ce0911b25c380a30398f740d6806834167e27d1871f,386269334894100555419319346037768029933462290621508939945613329,1049988913933594941949966789969470860571950113298555193475371516,False,0.3797219021561342,1.3969848796524027,True,True
27,1,55593,1161,2010-05-13T00:55:54Z,000000000000b545d467b95ad844b8c718f9b76e9426e4efab7e097ca09a83da,291294114190283069630871810297646705120497703302853918925161434,000000000000b545d467b95ad844b8c718f9b76e9426e4efab7e097ca09a83da,386269334894100555419319346037768029933462290621508939945613329,398703787641718174594659538255963405145859925952655564840470303,True,0.7306028265074943,0.4528407597742678,False,False
29,1,58970,506,2010-06-02T04:08:24Z,000000000000b775469bf0161dcda5958a114c60d5ee1a16a081e45c010d70e8,294805814333318767787809014479557371744420930642977294297952488,000000000000b775469bf0161dcda5958a114c60d5ee1a16a081e45c010d70e8,291294114190283069630871810297646705120497703302853918925161434,386269334894100555419319346037768029933462290621508939945613329,False,0.7632130943403587,0.3898421712144804,False,False
29,2,60040,1576,2010-06-09T08:15:33Z,0000000000009f9f9991befc49dc787a190206d1dd32467b687e32157d48c651,256504973721886974571032644602212583296932206772138563793897041,0000000000009f9f9991befc49dc787a190206d1dd32467b687e32157d48c651,291294114190283069630871810297646705120497703302853918925161434,386269334894100555419319346037768029933462290621508939945613329,True,0.6640573054866244,0.5906203491374004,True,True
30,1,61068,588,2010-06-15T15:16:31Z,000000000000177131355902f9a7a9d94d1f57aba9ef4430bb01123190325977,37670094100254190824844625878992154354875557412862966526794103,000000000000177131355902f9a7a9d94d1f57aba9ef4430bb01123190325977,256504973721886974571032644602212583296932206772138563793897041,291294114190283069630871810297646705120497703302853918925161434,True,0.1293197914587688,2.950985008800385,False,False
31,1,63048,552,2010-06-27T22:34:00Z,0000000000004b0e41a07353bbc38b644df42c26cb819e94c381a5783a281f46,120609841907186578160624578467058918583427224727242525647576902,0000000000004b0e41a07353bbc38b644df42c26cb819e94c381a5783a281f46,94362906390503277866051824525164026635549157805116629904227484,256504973721886974571032644602212583296932206772138563793897041,False,0.4702046909934644,1.08863916278871,False,False
34,1,69129,585,2010-07-20T00:24:36Z,00000000000038b590326c45134b260011c9997d9633c04415b17b13af80a35c,91128221591891715891027957293737581029572445242932018649539420,00000000000038b590326c45134b260011c9997d9633c04415b17b13af80a35c,94362906390503277866051824525164026635549157805116629904227484,120609841907186578160624578467058918583427224727242525647576902,True,0.7555620681603912,0.4043778196440624,False,False
34,2,69446,902,2010-07-21T15:24:16Z,00000000000031a5b05df6bc5e585bd69016aab365e9fd8bdaef265094198613,79780010462417563489560590902529856414686783958388746275620371,00000000000031a5b05df6bc5e585bd69016aab365e9fd8bdaef265094198613,94362906390503277866051824525164026635549157805116629904227484,120609841907186578160624578467058918583427224727242525647576902,True,0.6614718102674492,0.596248419946427,True,True
35,1,71253,693,2010-07-31T03:04:59Z,0000000000002ebbc7d88175555a0941f76cb113a305bdc5631f66b0c1e0e698,75097868263358893692264649001666853149799932669383560656905880,0000000000002ebbc7d88175555a0941f76cb113a305bdc5631f66b0c1e0e698,79780010462417563489560590902529856414686783958388746275620371,94362906390503277866051824525164026635549157805116629904227484,True,0.7958409838775036,0.3294478986524573,False,False
36,1,73373,797,2010-08-10T10:21:27Z,000000000000013af45c4ac4814ab12a69a6e65a40db0e1e3844fcb2ecaddb24,1977001647326197632819774152025058243573992905097744200096548,000000000000013af45c4ac4814ab12a69a6e65a40db0e1e3844fcb2ecaddb24,75097868263358893692264649001666853149799932669383560656905880,79780010462417563489560590902529856414686783958388746275620371,True,0.02478066417724419,5.334641334323033,False,False
36,2,73708,1132,2010-08-11T22:57:17Z,000000000000117a3393b93186cbfae7469e2008cb1ebc3e09530b0c77f40f42,28085017829573238685955741179940946183238659745522481364209474,000000000000117a3393b93186cbfae7469e2008cb1ebc3e09530b0c77f40f42,75097868263358893692264649001666853149799932669383560656905880,79780010462417563489560590902529856414686783958388746275620371,True,0.35203076142492373,1.5062265938198576,False,False
36,3,73998,1422,2010-08-13T05:32:38Z,0000000000001aeb6333dd07114dd4baf7e992a52272f75f81466c5d951047c9,43257940499012131155191191336970086022548338092162790118672329,0000000000001aeb6333dd07114dd4baf7e992a52272f75f81466c5d951047c9,75097868263358893692264649001666853149799932669383560656905880,79780010462417563489560590902529856414686783958388746275620371,True,0.5422152773393017,0.883062332078501,False,False
37,1,75382,790,2010-08-21T00:59:56Z,0000000000000496a5465517e8b4c30e8dd6619b2721fe6bbb74c75a0c23a2ef,7373369962077059134556911514387136090145994389338915963380463,0000000000000496a5465517e8b4c30e8dd6619b2721fe6bbb74c75a0c23a2ef,27626961809891063475833798728672729363853427172494316251339001,75097868263358893692264649001666853149799932669383560656905880,True,0.09818347887345573,3.3483759040591043,False,False
37,2,75627,1035,2010-08-22T09:47:33Z,0000000000002ac515484367561e5a9a82f82473d9e402354d7a6329a307c5aa,68728508740699134920660389378018509450729700898688140426331562,0000000000002ac515484367561e5a9a82f82473d9e402354d7a6329a307c5aa,27626961809891063475833798728672729363853427172494316251339001,75097868263358893692264649001666853149799932669383560656905880,False,0.9151858811714441,0.12786329945928138,False,False
37,3,75930,1338,2010-08-23T18:35:29Z,00000000000020f6ff523500e63e197bed4eb28b23f670b494e24f3a471e287f,52972444898870160717518052196683111176369197623292373648681087,00000000000020f6ff523500e63e197bed4eb28b23f670b494e24f3a471e287f,27626961809891063475833798728672729363853427172494316251339001,75097868263358893692264649001666853149799932669383560656905880,False,0.7053788093305442,0.5035298592606269,False,False
38,1,77925,1317,2010-09-03T23:13:40Z,0000000000000f5eabeb6f8b6cdfe20222ae7f6e91f5f378d98d9fde3603bd67,24698333685073068482330535527998796318723579790866533381815655,0000000000000f5eabeb6f8b6cdfe20222ae7f6e91f5f378d98d9fde3603bd67,10163391271887503173703852019798930843764341453814845019748596,27626961809891063475833798728672729363853427172494316251339001,False,0.8939938403299388,0.16166320369808146,False,False
38,2,78371,1763,2010-09-06T14:23:27Z,0000000000000c5f9521598981f352e39c05a6c09989cf343955cb938f610047,19883237859610916209374846005695218208828703418829580082937927,0000000000000c5f9521598981f352e39c05a6c09989cf343955cb938f610047,10163391271887503173703852019798930843764341453814845019748596,27626961809891063475833798728672729363853427172494316251339001,False,0.7197041063158917,0.474524205126393,True,True
39,1,80184,1560,2010-09-17T01:26:58Z,000000000000021474160fc5559ffaa94c7f7e53f9bb5fbb7179974f5bd6d098,3342264548031500888453475867734264615319015108860282366513304,000000000000021474160fc5559ffaa94c7f7e53f9bb5fbb7179974f5bd6d098,10163391271887503173703852019798930843764341453814845019748596,19883237859610916209374846005695218208828703418829580082937927,True,0.1680945815581016,2.5726548740922577,False,False
40,1,81308,668,2010-09-22T14:27:03Z,00000000000005134709f3bfe667a307202d7e23d001142afbd03e9a7c225076,8155697022428019745895051849229302769686120226824961954828406,00000000000005134709f3bfe667a307202d7e23d001142afbd03e9a7c225076,3738902701508689077363975663445537044957775692218794292248256,10163391271887503173703852019798930843764341453814845019748596,False,0.8024582350762314,0.31750178753263947,False,False
42,1,86431,1759,2010-10-20T05:56:12Z,00000000000003286811b9ea2c249ee89c4cf1c39087b876a827af8ce9c23d1a,5074449972607912005637169479605599533111997437631415592303898,00000000000003286811b9ea2c249ee89c4cf1c39087b876a827af8ce9c23d1a,3738902701508689077363975663445537044957775692218794292248256,8155697022428019745895051849229302769686120226824961954828406,False,0.6221969696340197,0.6845567265412943,False,False
44,1,89665,961,2010-11-05T03:24:10Z,0000000000000062864d8512b92b2f6a0c2a9edcda82aae03063879b3869d507,618449065430873501327906809422022547298045046190308237890823,0000000000000062864d8512b92b2f6a0c2a9edcda82aae03063879b3869d507,3738902701508689077363975663445537044957775692218794292248256,5074449972607912005637169479605599533111997437631415592303898,True,0.1218750936100044,3.036524767917321,False,False
44,2,89959,1255,2010-11-06T12:32:27Z,00000000000000707bb468b0da76c6bf56f2325a1b4fe30daf49fd051a13f02c,706068625332058145330027522976477749659536609182897853952044,00000000000000707bb468b0da76c6bf56f2325a1b4fe30daf49fd051a13f02c,3738902701508689077363975663445537044957775692218794292248256,5074449972607912005637169479605599533111997437631415592303898,True,0.13914190289458866,2.8453711387418235,False,False
44,3,90260,1556,2010-11-07T18:09:26Z,00000000000002bf86e38fa4ec0f48d375b68cc251d2a125d816e96a0455e981,4416109986440624948096153365898136055858939494277032206264705,00000000000002bf86e38fa4ec0f48d375b68cc251d2a125d816e96a0455e981,3738902701508689077363975663445537044957775692218794292248256,5074449972607912005637169479605599533111997437631415592303898,False,0.8702637744541708,0.20047535091461413,False,False
44,4,90427,1723,2010-11-08T09:44:43Z,00000000000002613d71e358030bdfd627634bb84cfd5017dc04c425c6484d42,3824261580807543742479787700836354287959340179900637299363138,00000000000002613d71e358030bdfd627634bb84cfd5017dc04c425c6484d42,3738902701508689077363975663445537044957775692218794292248256,5074449972607912005637169479605599533111997437631415592303898,False,0.7536307582991386,0.4080702473197938,False,False
45,1,91193,473,2010-11-11T19:21:13Z,0000000000000179d8110fc57982af1ba17248abdabe368b6cac06b38ab426cb,2371765293007299142006543901038575285377972173320339905062603,0000000000000179d8110fc57982af1ba17248abdabe368b6cac06b38ab426cb,1375465436425412553789890410765902532163172156261156427641794,3738902701508689077363975663445537044957775692218794292248256,False,0.6343479577712106,0.6566536784248395,False,False
45,2,91284,564,2010-11-12T07:40:12Z,00000000000001e38e03a2b8fc28147a0ac1086f982c4a5a02ba1ce7f8fe644d,3035322316285279784916959369486695447430125019467393821205581,00000000000001e38e03a2b8fc28147a0ac1086f982c4a5a02ba1ce7f8fe644d,1375465436425412553789890410765902532163172156261156427641794,3738902701508689077363975663445537044957775692218794292248256,False,0.8118216917119809,0.3007652058160232,False,False
45,3,91940,1220,2010-11-15T08:20:17Z,000000000000004fa1186f88c245f89757b74b7ef1fa87302ab340b635686c1c,499841086082033462563690790966992541793027504953168342051868,000000000000004fa1186f88c245f89757b74b7ef1fa87302ab340b635686c1c,1375465436425412553789890410765902532163172156261156427641794,3738902701508689077363975663445537044957775692218794292248256,True,0.13368657223423921,2.9030735295602996,True,True
49,1,100120,1336,2010-12-30T06:30:02Z,00000000000000c0930bc3046ce0fab487933b847c7226bdf0e86f4a7c094403,1208809089261672952867593775996331668547428149634860413699075,00000000000000c0930bc3046ce0fab487933b847c7226bdf0e86f4a7c094403,506005456102814796177780349794937614095283630387626292872297,1375465436425412553789890410765902532163172156261156427641794,False,0.8788363976656153,0.1863334735964931,False,False
50,1,101777,977,2011-01-09T13:25:42Z,000000000000000834e72c05564b54cc21ac27fb0cbe4ec686bfe607273ad611,51513992047619721142253113510155838889202293428317283079697,000000000000000834e72c05564b54cc21ac27fb0cbe4ec686bfe607273ad611,506005456102814796177780349794937614095283630387626292872297,1208809089261672952867593775996331668547428149634860413699075,True,0.04261549032451757,4.552478258096796,False,False
50,2,102750,1950,2011-01-15T04:00:05Z,000000000000004e4bb69992d9de8d7fb6474f2b2328a9ef24178dfb36f310a2,491470419604696699811096057606165536309090892604380869234850,000000000000004e4bb69992d9de8d7fb6474f2b2328a9ef24178dfb36f310a2,506005456102814796177780349794937614095283630387626292872297,1208809089261672952867593775996331668547428149634860413699075,True,0.40657406034635407,1.2984099215233507,False,False
54,1,109456,592,2011-02-21T08:47:45Z,000000000000003d90cb83a72239d34e00819ebbbf228d41505d63ad089bd898,386453568379102348687871616149297375508835403672452903721112,000000000000003d90cb83a72239d34e00819ebbbf228d41505d63ad089bd898,186149004420804295878679231933824560806529768260682405117094,506005456102814796177780349794937614095283630387626292872297,False,0.7637339947982285,0.38885785349730073,False,False
54,2,110501,1637,2011-02-26T02:54:55Z,00000000000000240b044a3090d3ae4f9b342a840640240304eaa8f68a0fa1bc,226245792570664031910744183590507628830030348858878430519740,00000000000000240b044a3090d3ae4f9b342a840640240304eaa8f68a0fa1bc,186149004420804295878679231933824560806529768260682405117094,506005456102814796177780349794937614095283630387626292872297,False,0.44712125104969885,1.1612619780933249,True,True
56,1,114335,1439,2011-03-21T03:20:49Z,0000000000000006acb7899a26faa6290030e25ae41c8b3f62d69809994b89d8,41897617541610872253602811890029173846524253723014101436888,0000000000000006acb7899a26faa6290030e25ae41c8b3f62d69809994b89d8,186149004420804295878679231933824560806529768260682405117094,226245792570664031910744183590507628830030348858878430519740,True,0.18518628375608295,2.432950848826446,False,False
58,1,117067,139,2011-04-06T20:10:21Z,000000000000000cab4d7514a0e7eaf75e14817f168f0c719dd4ea8690b431b5,79525547564285342718373405953918473416159747536820939010485,000000000000000cab4d7514a0e7eaf75e14817f168f0c719dd4ea8690b431b5,68480391720945830618845225758816050800632592882184463313816,186149004420804295878679231933824560806529768260682405117094,False,0.42721446623755055,1.2269675948286167,False,False
62,1,125552,560,2011-05-21T17:26:31Z,00000000000000001e8d6829a8a21adc5d38d0a473b144b6765798e61f98bd1d,749141948473392236228638560860443038398718001776885808413,00000000000000001e8d6829a8a21adc5d38d0a473b144b6765798e61f98bd1d,68480391720945830618845225758816050800632592882184463313816,79525547564285342718373405953918473416159747536820939010485,True,0.00942014197221107,6.730035481611567,False,False
62,2,125704,712,2011-05-22T06:55:33Z,0000000000000007b4413a653882b8405bf0b4e7edb9136232904a6d4cc271ec,48359546916845888022680206901591299700598890418127121838572,0000000000000007b4413a653882b8405bf0b4e7edb9136232904a6d4cc271ec,68480391720945830618845225758816050800632592882184463313816,79525547564285342718373405953918473416159747536820939010485,True,0.6081007726196909,0.7176176723505601,False,False
63,1,128187,1179,2011-06-02T17:10:23Z,0000000000000003285bbdf8a244855b2eb0252589498b018de13119ac8dc6a9,19820889497376897152718087032010791043095989088803007350441,0000000000000003285bbdf8a244855b2eb0252589498b018de13119ac8dc6a9,25192528237503017499751304294031093900433729325951472103020,68480391720945830618845225758816050800632592882184463313816,True,0.28943890359368896,1.7886692467925733,False,False
63,2,128456,1448,2011-06-04T00:57:02Z,00000000000000011ac23090a91a9297e8cb27c6d81cea9fc429fd37468d509e,6933219559173656758835745708323449991038513612463771832478,00000000000000011ac23090a91a9297e8cb27c6d81cea9fc429fd37468d509e,25192528237503017499751304294031093900433729325951472103020,68480391720945830618845225758816050800632592882184463313816,True,0.10124386535968105,3.3040936010461066,True,True
63,3,128687,1679,2011-06-05T02:01:15Z,0000000000000002ed549896e4571ab6ec7d805741038cb8dac97d4c2917c729,18373529253806907802547884995888420739902303879497833236265,0000000000000002ed549896e4571ab6ec7d805741038cb8dac97d4c2917c729,25192528237503017499751304294031093900433729325951472103020,68480391720945830618845225758816050800632592882184463313816,True,0.2683035069173979,1.8980621831168316,False,False
63,4,128755,1747,2011-06-05T10:38:10Z,000000000000000a07a93ecce01ec03eed7b5c09491020c3f9ef77df6f49d238,62958867334974004575148321355449129611519001268505482482232,000000000000000a07a93ecce01ec03eed7b5c09491020c3f9ef77df6f49d238,25192528237503017499751304294031093900433729325951472103020,68480391720945830618845225758816050800632592882184463313816,False,0.9193707242728435,0.12128136806138633,False,False
64,1,130557,1533,2011-06-13T16:43:09Z,000000000000000166b3b12f3e8928897fa5241985e75a9d31945dc2d22a39c8,8795345544553032365868030280910056491723989313354824563144,000000000000000166b3b12f3e8928897fa5241985e75a9d31945dc2d22a39c8,9267813209708390841520033423266898821864226609771208140579,25192528237503017499751304294031093900433729325951472103020,True,0.34912516368483354,1.518183749984737,False,False
66,1,133316,260,2011-06-26T05:49:42Z,0000000000000000629981ebad88aafb5856e6663998d1083d74008be66a384a,2417656105760902979930526541421941343995304296798407505994,0000000000000000629981ebad88aafb5856e6663998d1083d74008be66a384a,8795345544553032365868030280910056491723989313354824563144,9267813209708390841520033423266898821864226609771208140579,True,0.2608658645847885,1.9386199212041852,False,False
67,1,136816,1744,2011-07-18T02:10:42Z,0000000000000000d6f9591d6e5385853a50829b2f939ebe90794e81bb039e60,5271147535646232854176652347731332849200134455822200839776,0000000000000000d6f9591d6e5385853a50829b2f939ebe90794e81bb039e60,3235626803839904601003456574469829765074275785735461294012,8795345544553032365868030280910056491723989313354824563144,False,0.5993110229660801,0.7386231856340318,False,False
68,1,137445,357,2011-07-22T05:37:31Z,0000000000000000301e4adf257e8acafb35304fa906dba5573cd2e4f3f6cb47,1179858017340063549226771647953112934749009915267557804871,0000000000000000301e4adf257e8acafb35304fa906dba5573cd2e4f3f6cb47,3235626803839904601003456574469829765074275785735461294012,5271147535646232854176652347731332849200134455822200839776,True,0.22383323732854218,2.1595038147450745,False,False
68,2,137935,847,2011-07-25T08:53:09Z,00000000000000006e8f8d4ec7166ecc2404df2cfab18d74facb1050421ba171,2710941700317271512069676182541583598982850536929241047409,00000000000000006e8f8d4ec7166ecc2404df2cfab18d74facb1050421ba171,3235626803839904601003456574469829765074275785735461294012,5271147535646232854176652347731332849200134455822200839776,True,0.5142982020488855,0.9593229847507363,False,False
69,1,140105,1001,2011-08-08T13:12:25Z,0000000000000000349ba18be90b92616e322b19ebd5d4e94f44a1bcaf6a1c89,1289942782283222557306423169705325613568341829509230238857,0000000000000000349ba18be90b92616e322b19ebd5d4e94f44a1bcaf6a1c89,1190320580435964129177497273956564944399335472286853664224,3235626803839904601003456574469829765074275785735461294012,False,0.39866859204911187,1.3267381436274512,False,False
77,1,156636,1404,2011-12-08T16:00:18Z,000000000000000029669a1e22b42c7aeffe0f818b37a2b057e4545a67e42aff,1015144396164766081116625386979149783365596865937478527743,000000000000000029669a1e22b42c7aeffe0f818b37a2b057e4545a67e42aff,1190320580435964129177497273956564944399335472286853664224,1289942782283222557306423169705325613568341829509230238857,True,0.7869685462853955,0.34562211992322345,False,False
102,1,206712,1080,2012-11-06T10:06:01Z,00000000000000000ae2dba9951e28a3e6308ac7e9e8536104c503aa772c848f,266927971526157113597592094330626478754563633332141982863,00000000000000000ae2dba9951e28a3e6308ac7e9e8536104c503aa772c848f,1015144396164766081116625386979149783365596865937478527743,1190320580435964129177497273956564944399335472286853664224,True,0.22424880818946497,2.1568277771841533,False,False
107,1,217293,1581,2013-01-20T14:42:56Z,00000000000000001bfaa06e0d8c9aa94ce50ecf685d153e81f65e56546cf0bb,686043340429691137655974079182187727310461666477531263163,00000000000000001bfaa06e0d8c9aa94ce50ecf685d153e81f65e56546cf0bb,373450753169415401850118416599327961573251328994866881615,1015144396164766081116625386979149783365596865937478527743,False,0.6758086268530618,0.5653133279330096,False,False
110,1,223079,1319,2013-02-25T16:29:27Z,0000000000000000139008bfda982356c5065c9035d6c7d588069d3e1b35746a,479674377841141976323752261716047443725829375571407500394,0000000000000000139008bfda982356c5065c9035d6c7d588069d3e1b35746a,373450753169415401850118416599327961573251328994866881615,686043340429691137655974079182187727310461666477531263163,False,0.6991896132111804,0.516244341799458,False,False
114,1,231593,1769,2013-04-16T05:35:16Z,00000000000000001115d0f81474bbb9ebb9a45e04597f2df39e0eba903b679f,418928372121281957705123896182902132777214756183808370591,00000000000000001115d0f81474bbb9ebb9a45e04597f2df39e0eba903b679f,373450753169415401850118416599327961573251328994866881615,479674377841141976323752261716047443725829375571407500394,False,0.8733599113772598,0.19535178426905445,False,False
117,1,236166,294,2013-05-14T12:25:54Z,00000000000000000eab32386b8854581ca95f672ec9ccd96d2201c493f2c644,359676336925915078774006362305009328962550828244676036164,00000000000000000eab32386b8854581ca95f672ec9ccd96d2201c493f2c644,373450753169415401850118416599327961573251328994866881615,418928372121281957705123896182902132777214756183808370591,True,0.858562849550297,0.22000434689677578,False,False
118,1,239572,1684,2013-06-03T23:06:08Z,000000000000000006582fa9652895fda92c757ae6beee9dfbc3932125b5ab8e,155566129756877957177939281690389061013955286756511558542,000000000000000006582fa9652895fda92c757ae6beee9dfbc3932125b5ab8e,359676336925915078774006362305009328962550828244676036164,373450753169415401850118416599327961573251328994866881615,True,0.416563973794707,1.2633900204515638,False,False
121,1,244583,647,2013-07-03T14:50:02Z,000000000000000004ae693a1a8e740a33dd996c27ccc64217ed647e0b90d910,114784973705050422488935971202453856347117940515097598224,000000000000000004ae693a1a8e740a33dd996c27ccc64217ed647e0b90d910,155566129756877957177939281690389061013955286756511558542,359676336925915078774006362305009328962550828244676036164,True,0.31913407116546966,1.6477654540624325,False,False
128,1,258283,235,2013-09-16T06:35:37Z,0000000000000000004bb6e7e2661661ba9809062d90c3121933d6d02c8bd763,7252006031482138833037568287922576202893110734813386595,0000000000000000004bb6e7e2661661ba9809062d90c3121933d6d02c8bd763,114784973705050422488935971202453856347117940515097598224,155566129756877957177939281690389061013955286756511558542,True,0.046616869898452366,4.423004052180179,False,False
128,2,258384,336,2013-09-16T23:54:23Z,000000000000000004fb67cf6c48cbe676837f65d339f1b1abca63c7eb01172c,122159578436957006265271132604279270373062333201322678060,000000000000000004fb67cf6c48cbe676837f65d339f1b1abca63c7eb01172c,114784973705050422488935971202453856347117940515097598224,155566129756877957177939281690389061013955286756511558542,False,0.785258196163076,0.34876099874573,False,False
128,3,258809,761,2013-09-19T09:14:30Z,0000000000000000015235dd26bc6ee20bd574fa78c4ef9b7ea750f53c28db8a,32394121168012906612786108177833587273531025143559150474,0000000000000000015235dd26bc6ee20bd574fa78c4ef9b7ea750f53c28db8a,114784973705050422488935971202453856347117940515097598224,155566129756877957177939281690389061013955286756511558542,True,0.20823376668584045,2.2637240633286115,False,False
129,1,260702,638,2013-09-29T06:20:45Z,000000000000000004a24ebfaa7200a2e14a4152239a9687e60466a1df53bf7c,113625695351261736715631046703350080918503471877666881404,000000000000000004a24ebfaa7200a2e14a4152239a9687e60466a1df53bf7c,42227031981492650678318587923000379289475895251092750789,114784973705050422488935971202453856347117940515097598224,False,0.9899004345571613,0.014644670497399261,False,False
129,2,261713,1649,2013-10-04T19:52:34Z,00000000000000000233a9ac6fe53eccfcd1a4f12a879daf568c8bb59fb22493,53988169268147886229933742571831719799903691163787469971,00000000000000000233a9ac6fe53eccfcd1a4f12a879daf568c8bb59fb22493,42227031981492650678318587923000379289475895251092750789,114784973705050422488935971202453856347117940515097598224,False,0.47034178364561025,1.0882185926284325,True,True
131,1,265271,1175,2013-10-22T09:43:42Z,000000000000000001fe089f351d417353a16c29a7535c775d888611296f23d6,48851521202442730669555507447007156566483398114600231894,000000000000000001fe089f351d417353a16c29a7535c775d888611296f23d6,42227031981492650678318587923000379289475895251092750789,53988169268147886229933742571831719799903691163787469971,False,0.9048560428083327,0.1442398085992209,False,False
132,1,266381,269,2013-10-27T14:49:44Z,000000000000000000028c32e6952731326747bae4be8db0f832d6eea0362050,244016552766144657078256048343733074999265062087434320,000000000000000000028c32e6952731326747bae4be8db0f832d6eea0362050,42227031981492650678318587923000379289475895251092750789,48851521202442730669555507447007156566483398114600231894,True,0.004995065593862061,7.645280661435551,False,False
132,2,267719,1607,2013-11-03T14:31:15Z,0000000000000000018238a11e3a510e1dd4d4ba93b1293233ef52f79fb4ff36,36992642485196182052496585656095966462265619933046308662,0000000000000000018238a11e3a510e1dd4d4ba93b1293233ef52f79fb4ff36,42227031981492650678318587923000379289475895251092750789,48851521202442730669555507447007156566483398114600231894,True,0.757246480245664,0.40116512763617923,False,False
134,1,270387,243,2013-11-19T04:21:07Z,000000000000000001480bf37765db8beb84651395cc36e76e2c4e36fbb51026,31420630002900719024385465223832908997104416053131546662,000000000000000001480bf37765db8beb84651395cc36e76e2c4e36fbb51026,15534456927680139074143643310102980439401278798629618080,42227031981492650678318587923000379289475895251092750789,False,0.7440880528063591,0.42645473991100363,False,False
134,2,270450,306,2013-11-19T13:00:23Z,0000000000000000017d9cfa1bb14d8d1e16487e94611c98bffb608142d0e938,36551282129763496482535681470962483609815705522468350264,0000000000000000017d9cfa1bb14d8d1e16487e94611c98bffb608142d0e938,15534456927680139074143643310102980439401278798629618080,42227031981492650678318587923000379289475895251092750789,False,0.8655896570183589,0.20824483446740277,False,False
134,3,271381,1237,2013-11-25T05:40:08Z,0000000000000000002ad5e428b2c6bcf8056213c27361b222122f492b3176ed,4102827010773125187047817147363685994133549687776573165,0000000000000000002ad5e428b2c6bcf8056213c27361b222122f492b3176ed,15534456927680139074143643310102980439401278798629618080,42227031981492650678318587923000379289475895251092750789,True,0.09716115052962568,3.3634766160879193,True,True
136,1,274352,176,2013-12-11T15:58:17Z,0000000000000000000466c0ab58135a577e310efe613e390bb21b72226aa677,421568202486397548441056355552765767237599877778810487,0000000000000000000466c0ab58135a577e310efe613e390bb21b72226aa677,5714807333456810349805371600080952059362211886726550548,15534456927680139074143643310102980439401278798629618080,True,0.027137620867532512,5.2035619433386735,False,False
136,2,275644,1468,2013-12-18T14:42:30Z,0000000000000000006d06721ae36b679d64b306ff93d36ba54a5ffb73e5973b,10442537503355849311757701618549429084164053581072537403,0000000000000000006d06721ae36b679d64b306ff93d36ba54a5ffb73e5973b,5714807333456810349805371600080952059362211886726550548,15534456927680139074143643310102980439401278798629618080,False,0.6722177384102027,0.5729994820558155,False,False
139,1,281824,1600,2014-01-22T08:53:47Z,0000000000000000003b68d2b980b486c4cf2741096ae393a6e4d918598b51c5,5690296300912616672834887127096471755517486976685789637,0000000000000000003b68d2b980b486c4cf2741096ae393a6e4d918598b51c5,2102360128234551825848374691629075584768064622981617392,5714807333456810349805371600080952059362211886726550548,False,0.9957109608226516,0.0062010834228390455,False,False
140,1,282405,165,2014-01-25T14:11:05Z,0000000000000000000d2e61aaa78f40ca9734b78bcae3bc63c39ddc7c2d32fd,1262506010158699100220208350690109819585643250835075837,0000000000000000000d2e61aaa78f40ca9734b78bcae3bc63c39ddc7c2d32fd,2102360128234551825848374691629075584768064622981617392,5690296300912616672834887127096471755517486976685789637,True,0.22186999470593768,2.1722135216108445,False,False
147,1,297587,1235,2014-04-25T07:35:36Z,000000000000000000049bb3b6b9c135f66536e066704369905043df809c2441,441378922157633859339124634223982981583772162199397441,000000000000000000049bb3b6b9c135f66536e066704369905043df809c2441,1262506010158699100220208350690109819585643250835075837,2102360128234551825848374691629075584768064622981617392,True,0.20994448868675986,2.251920178820378,False,False
150,1,303519,1119,2014-05-31T19:08:49Z,00000000000000000009d02509733b687f72bb5bb4e829162fb3078e791fba2c,939904910432917463712441943514514012198061186501032492,00000000000000000009d02509733b687f72bb5bb4e829162fb3078e791fba2c,464450005492769507686122516058985797418191573782669670,1262506010158699100220208350690109819585643250835075837,False,0.7444755928843221,0.42570354306043784,False,False
152,1,308332,1900,2014-06-28T17:05:53Z,00000000000000000003ff5f0f68891430b23076dea0931158218ef75413f386,382888671418942255772678818285347583316097469626184582,00000000000000000003ff5f0f68891430b23076dea0931158218ef75413f386,464450005492769507686122516058985797418191573782669670,939904910432917463712441943514514012198061186501032492,True,0.4073695829959914,1.2955898320579935,False,False
155,1,313338,858,2014-07-31T13:29:05Z,00000000000000000000b7de9e5c19e52be073156924b7cf235efb27ae8a202a,68793786143631738923840992507604965315321413170241578,00000000000000000000b7de9e5c19e52be073156924b7cf235efb27ae8a202a,382888671418942255772678818285347583316097469626184582,464450005492769507686122516058985797418191573782669670,True,0.14811881866734677,2.7551731465408826,False,False
156,1,315024,528,2014-08-11T06:05:15Z,0000000000000000000181f37629e8b80debca2c295c350cb1bd156e7e1a25ee,144401420868719392176034163279139149325988359233480174,0000000000000000000181f37629e8b80debca2c295c350cb1bd156e7e1a25ee,140856870472476476605621235593519231027930614772005062,382888671418942255772678818285347583316097469626184582,False,0.37713683283860033,1.4068400375962398,False,False
156,2,316203,1707,2014-08-18T06:11:21Z,000000000000000000037be5d0bf7a0d03db565b07f512dab5d8cda0348bbbed,333698553083733200757819621073355874844065821746772973,000000000000000000037be5d0bf7a0d03db565b07f512dab5d8cda0348bbbed,140856870472476476605621235593519231027930614772005062,382888671418942255772678818285347583316097469626184582,False,0.8715289273173948,0.198379544587177,False,False
159,1,320736,192,2014-09-15T01:12:29Z,0000000000000000000137130c5a047157e7b0e063de6f3d30246a4f2005a818,116386753404189789542013611938055063008674765431220248,0000000000000000000137130c5a047157e7b0e063de6f3d30246a4f2005a818,140856870472476476605621235593519231027930614772005062,144401420868719392176034163279139149325988359233480174,True,0.8059945165636648,0.3111580712126779,False,False
161,1,326055,1479,2014-10-19T18:02:46Z,000000000000000000007e1166d92acf81d4e2d95934fcdec1276b09a7db9390,47167629501629889026830213674720221660306835865572240,000000000000000000007e1166d92acf81d4e2d95934fcdec1276b09a7db9390,116386753404189789542013611938055063008674765431220248,140856870472476476605621235593519231027930614772005062,True,0.334862114594875,1.5783609322731835,False,False
164,1,331908,1284,2014-11-28T01:48:44Z,000000000000000000006836c4009ab00485cd1de4d5958ca7839184d0b80067,38991059656380097266101544547601419634710571667423335,000000000000000000006836c4009ab00485cd1de4d5958ca7839184d0b80067,47167629501629889026830213674720221660306835865572240,116386753404189789542013611938055063008674765431220248,True,0.3350128645737829,1.577711598420094,False,False
164,2,331987,1363,2014-11-28T13:00:03Z,00000000000000000000ec03e3183bacc8b18437180f63f6a563267a186225bc,88303763907217105395656990202974676103461238848234940,00000000000000000000ec03e3183bacc8b18437180f63f6a563267a186225bc,47167629501629889026830213674720221660306835865572240,116386753404189789542013611938055063008674765431220248,False,0.7587097442314107,0.39838002828136043,False,False
165,1,334261,1621,2014-12-14T09:28:16Z,000000000000000000002d414bb8f9175ba6c6563721e1ba2c1373c2bd94f29f,16931928767822346142127790045311281400448815916708511,000000000000000000002d414bb8f9175ba6c6563721e1ba2c1373c2bd94f29f,38991059656380097266101544547601419634710571667423335,47167629501629889026830213674720221660306835865572240,True,0.35897349404080736,1.4780507729215806,False,False
166,1,336175,1519,2014-12-27T16:35:36Z,000000000000000000005a5e143087632fbf0eea743ad99646d9fc67d40f7441,33810494140058204136844277548911552169078452778923073,000000000000000000005a5e143087632fbf0eea743ad99646d9fc67d40f7441,16931928767822346142127790045311281400448815916708511,38991059656380097266101544547601419634710571667423335,False,0.8671345287361484,0.20567226189646626,False,False
178,1,359189,341,2015-06-03T04:35:09Z,00000000000000000000362e61dba7cfba02b6968a25e1fe97e586a22e87b22f,20271586380366029317177157931369001938668493811986991,00000000000000000000362e61dba7cfba02b6968a25e1fe97e586a22e87b22f,16931928767822346142127790045311281400448815916708511,33810494140058204136844277548911552169078452778923073,False,0.5995649249133137,0.7380121080888189,False,False
182,1,368527,1615,2015-08-05T16:32:00Z,00000000000000000000013712632da34788a7b4ae2cd78f7982c7036610126b,454631982793174268683348127671609516675360197972587,00000000000000000000013712632da34788a7b4ae2cd78f7982c7036610126b,16931928767822346142127790045311281400448815916708511,20271586380366029317177157931369001938668493811986991,True,0.02242705500510342,5.478616003522638,False,False
200,1,403339,139,2016-03-19T10:23:37Z,000000000000000000001a1ff06cbb91e09abbe366e4917edda33b8d7405847a,9774434031436863939759457184968645709010243200320634,000000000000000000001a1ff06cbb91e09abbe366e4917edda33b8d7405847a,6228908493061152663119977146625125247747846173494216,16931928767822346142127790045311281400448815916708511,False,0.5772782395595901,0.7926612507492691,False,False
200,2,403425,225,2016-03-20T02:23:37Z,0000000000000000000013ecd83165a37e62a752a6c141ff10cc168857e6c862,7454892593984592460058730579129451627137415313279074,0000000000000000000013ecd83165a37e62a752a6c141ff10cc168857e6c862,6228908493061152663119977146625125247747846173494216,16931928767822346142127790045311281400448815916708511,False,0.44028608295068933,1.1834868521918105,True,True
217,1,438452,980,2016-11-11T21:24:06Z,0000000000000000000010a32d9196acb66d4b91b4a23a79cec184b16122fa78,6224795624710670332211193271649003625222520774523512,0000000000000000000010a32d9196acb66d4b91b4a23a79cec184b16122fa78,6228908493061152663119977146625125247747846173494216,7454892593984592460058730579129451627137415313279074,True,0.83499467580975,0.2601610963514022,False,False
222,1,448044,492,2017-01-14T00:17:16Z,00000000000000000000053d3dfcc6d5bdf653567672b3e3771c54a36b0cd088,1960227581206516358968360803844409571652857494294664,00000000000000000000053d3dfcc6d5bdf653567672b3e3771c54a36b0cd088,6224795624710670332211193271649003625222520774523512,6228908493061152663119977146625125247747846173494216,True,0.31469840717521547,1.6679582183362913,False,False
225,1,453766,166,2017-02-19T13:30:47Z,00000000000000000000058566ef69bee8868208a18eb54c837eb11773bcc929,2065689469697045055722211699828315646052021957347625,00000000000000000000058566ef69bee8868208a18eb54c837eb11773bcc929,2289974335825000601907194108849589095229160009203070,6224795624710670332211193271649003625222520774523512,True,0.33184856085826253,1.5914030772398737,False,False
227,1,458091,459,2017-03-20T08:44:54Z,00000000000000000000011246f099d94f91628d71c9d75ad2f9a06e2beb7e92,400856443563599500778815340106626023833365142797970,00000000000000000000011246f099d94f91628d71c9d75ad2f9a06e2beb7e92,2065689469697045055722211699828315646052021957347625,2289974335825000601907194108849589095229160009203070,True,0.17504844368449415,2.514173859734161,False,False
242,1,488837,965,2017-10-08T07:47:03Z,0000000000000000000003b4cc8365995e7567c7720b51e595ae54e9fe748622,1386671116555094675513582939323507549328345935414818,0000000000000000000003b4cc8365995e7567c7720b51e595ae54e9fe748622,759924687745881972831188843587903904007607495569435,2065689469697045055722211699828315646052021957347625,False,0.6712873047459861,0.5749977361817378,False,False
243,1,491270,1382,2017-10-23T05:55:56Z,0000000000000000000002569beb610e7f806774fd0c650c415a78a087b9d979,874868121823304462093954538863547174166722959235449,0000000000000000000002569beb610e7f806774fd0c650c415a78a087b9d979,759924687745881972831188843587903904007607495569435,1386671116555094675513582939323507549328345935414818,False,0.6309124862979322,0.6644881916447003,False,False
248,1,500174,206,2017-12-19T21:57:34Z,0000000000000000000000bb5b432a764ad6c7acf677dcd99161abfdf68e698e,273821822189920923156264704075196689375522326473102,0000000000000000000000bb5b432a764ad6c7acf677dcd99161abfdf68e698e,759924687745881972831188843587903904007607495569435,874868121823304462093954538863547174166722959235449,True,0.3129863980176251,1.675828134019943,False,False
255,1,515910,1830,2018-03-30T23:25:48Z,0000000000000000000000ab789f6d71d9642ae3f697975ccd00afcb98fe6bd2,250605414228549862723444011738687047217266540047314,0000000000000000000000ab789f6d71d9642ae3f697975ccd00afcb98fe6bd2,279560669460337862922022417843991012814456935316877,759924687745881972831188843587903904007607495569435,True,0.3297766453303489,1.6004388636654876,False,False
290,1,585774,1134,2019-07-17T03:51:17Z,000000000000000000000019b43763eb4519f4fe65eae9be90fe73117b89026d,37566394517181298232605889224087057760637556425325,000000000000000000000019b43763eb4519f4fe65eae9be90fe73117b89026d,250605414228549862723444011738687047217266540047314,279560669460337862922022417843991012814456935316877,True,0.1343765365482177,2.895646843382885,False,False
294,1,593568,864,2019-09-06T19:04:10Z,00000000000000000000008b80d0529bc20ac2c580f85acd2aed0baf5b82bdf5,203884124158871390840699344928316831818728270380533,00000000000000000000008b80d0529bc20ac2c580f85acd2aed0baf5b82bdf5,92192579740936743759077814667024874940266698570695,250605414228549862723444011738687047217266540047314,False,0.8135663181360117,0.29766814241761846,False,False
308,1,622050,1122,2020-03-18T05:22:27Z,000000000000000000000031a10e42c80137b3c3ad3e15c5dfb4ea213c83e497,72533045771218623914847476875574206556275334177943,000000000000000000000031a10e42c80137b3c3ad3e15c5dfb4ea213c83e497,92192579740936743759077814667024874940266698570695,203884124158871390840699344928316831818728270380533,True,0.3557562221700947,1.4910391052039458,False,False
310,1,625857,897,2020-04-14T01:05:52Z,000000000000000000000030f8cf8e0a76db53525aff8d56dcfdf4c74fc7878c,71572536930809161800420906224920957060243633178508,000000000000000000000030f8cf8e0a76db53525aff8d56dcfdf4c74fc7878c,72533045771218623914847476875574206556275334177943,92192579740936743759077814667024874940266698570695,True,0.7763372836721744,0.36524452009926933,False,False
314,1,634842,1818,2020-06-15T09:23:52Z,000000000000000000000003681c2df35533c9578fb6aace040b0dfe0d446413,4978868375878682284061570966865856565534095860755,000000000000000000000003681c2df35533c9578fb6aace040b0dfe0d446413,71572536930809161800420906224920957060243633178508,72533045771218623914847476875574206556275334177943,True,0.06864275893753127,3.8647486499689703,False,False
326,1,658771,1555,2020-11-26T15:49:32Z,00000000000000000000001e9590a06c8452a3ce553834b2bab3daebf62f8b79,44698914026980559940220631875370347384839986973561,00000000000000000000001e9590a06c8452a3ce553834b2bab3daebf62f8b79,26330064889328492014716682686921905976703673595126,71572536930809161800420906224920957060243633178508,False,0.6245260534804298,0.6791663365961856,False,False
335,1,675600,240,2021-03-21T10:45:19Z,00000000000000000000001a9bf725a1f7d019440a04f39706c083751b62974d,38889447702414648438024426259921185408251326535501,00000000000000000000001a9bf725a1f7d019440a04f39706c083751b62974d,26330064889328492014716682686921905976703673595126,44698914026980559940220631875370347384839986973561,False,0.8700311528584502,0.20086103499526212,False,False
368,1,742035,147,2022-06-23T19:49:22Z,000000000000000000000000fcb36c64b8a99acde151e61c933c6f7a57271db3,1442666950038720453045673653632059615314050489779,000000000000000000000000fcb36c64b8a99acde151e61c933c6f7a57271db3,26330064889328492014716682686921905976703673595126,38889447702414648438024426259921185408251326535501,True,0.03709661708436001,4.75256855921282,False,False
375,1,756951,951,2022-10-04T01:28:13Z,0000000000000000000000005d6f06154c8685146aa7bc3dc9843876c9cefd0f,533412054325019065460326457635714671597350485263,0000000000000000000000005d6f06154c8685146aa7bc3dc9843876c9cefd0f,9686289557493979960134201314161014468585162103771,26330064889328492014716682686921905976703673595126,True,0.020258668429685853,5.62531683858835,False,False
381,1,768824,728,2022-12-25T06:05:34Z,00000000000000000000000351eae66e03ae45aad1be8f94d1ca5d6fe98b6efa,4852171612067613144709721042812680040569352449786,00000000000000000000000351eae66e03ae45aad1be8f94d1ca5d6fe98b6efa,3563386789435662677982618808482317743924885311159,9686289557493979960134201314161014468585162103771,False,0.500931918591432,0.9973135541111487,False,False
418,1,843946,1258,2024-05-18T02:37:06Z,0000000000000000000000018aed923c250162fe3f058d6af0f3932d9d9aa08c,2254640379176521218445219994660972651329674190988,0000000000000000000000018aed923c250162fe3f058d6af0f3932d9d9aa08c,3563386789435662677982618808482317743924885311159,4852171612067613144709721042812680040569352449786,True,0.4646662483184042,1.1057332384012664,False,False
431,1,869693,797,2024-11-10T09:47:27Z,000000000000000000000001c4040b1ea831f0378f473e7412a7f9a13b35aefc,2580554000060355442454944565354521997722846080764,000000000000000000000001c4040b1ea831f0378f473e7412a7f9a13b35aefc,2254640379176521218445219994660972651329674190988,3563386789435662677982618808482317743924885311159,False,0.7241857683569177,0.4655682695267971,False,False
